{
    "banner": {
        "builder": true,
        "no_selection":true,
        "name": "Banner Section",
        "content": {
            "images":{
                "background_image":{
                    "size":"1780x760"
                }
            },
            "heading": "text",
            "sub_heading": "text",
            "button_1": "text",
            "button_1_link": "text",
            "button_2": "text",
            "button_2_link": "text"
        }
    },
    "breadcrumb": {
        "builder": true,
        "no_selection":true,
        "name": "Breadcrumb Section",
        "content": {
            "images":{
                "background_image":{
                    "size":"1778x755"
                }
            }
        }
    },

    "footer": {
        "builder": true,
        "no_selection": true,
        "name": "Footer Section",
        "content": {
            "images":{
                "background_image":{
                    "size":"1920x790"
                }
            },
            "about_us": "textarea",
            "subscribe_title": "text"
        }
    },
    "policy_pages": {
        "builder": true,
        "no_selection":true,
        "name": "Policy Pages",
        "element": {
            "title": "text",
            "description": "textarea-nic",
            "modal": false
        }
    },
    "social_icon": {
        "builder": true,
        "no_selection": true,
        "name": "Social Icons",
        "element": {
            "title": "text",
            "social_icon": "icon",
            "url": "text",
            "modal": true
        }
    },

    "short_links": {
        "builder": true,
        "no_selection": true,
        "name": "Short Links",
        "element": {
            "title": "text",
            "description": "textarea-nic",
            "modal": false
        }
    },

    "login": {
        "builder": true,
        "no_selection":true,
        "name": "Login Section",
        "content": {
            "images":{
                "background_image":{
                    "size":"1780x760"
                }
            }
        }
    },
    "register": {
        "builder": true,
        "no_selection":true,
        "name": "Register Section",
        "content": {
            "images":{
                "background_image":{
                    "size":"1780x760"
                }
            }
        }
    },
    "email_verify": {
        "builder": true,
        "no_selection":true,
        "name": "Email Verification Page",
        "content": {
            "images":{
                "background_image":{
                    "size":"1780x760"
                }
            }
        }
    },
    "sms_verify": {
        "builder": true,
        "no_selection":true,
        "name": "SMS Verification Page",
        "content": {
            "images":{
                "background_image":{
                    "size":"1780x760"
                }
            }
        }
    },
    "code_verify": {
        "builder": true,
        "no_selection":true,
        "name": "Code Verification Page",
        "content": {
            "images":{
                "background_image":{
                    "size":"1780x760"
                }
            }
        }
    },
    "reset_password_email": {
        "builder": true,
        "no_selection":true,
        "name": "Reset Password - Email",
        "content": {
            "images":{
                "background_image":{
                    "size":"1780x760"
                }
            }
        }
    },
    "reset_password": {
        "builder": true,
        "no_selection":true,
        "name": "Reset Password Page",
        "content": {
            "images":{
                "background_image":{
                    "size":"1780x760"
                }
            }
        }
    },

    "app_welcome": {
        "builder": true,
        "no_selection": true,
        "name": "App Welcome Info",
        "content":{
            "images": {
                "background_image": {
                    "size": "1440 x 2960"
                }
            },
            "screen_1_heading": "text",
            "screen_1_subheading": "text",
            "screen_2_heading": "text",
            "screen_2_subheading": "text",
            "screen_3_heading": "text",
            "screen_3_subheading": "text"
        }
    }
    
}
