{
    "breadcrumb": {
        "builder": true,
        "no_selection":true,
        "name": "Breadcrumb Section",
        "content": {
            "images":{
                "background_image":{
                    "size":"1920x500"
                }
            }
        }
    },
    "footer": {
        "builder": true,
        "no_selection": true,
        "name": "Footer Section",
        "content": {
            "about_us": "textarea",
            "subscribe_title": "text",
            "subscribe_subtitle": "text"
        }
    },
    "policy_pages": {
        "builder": true,
        "no_selection":true,
        "name": "Policy Pages",
        "element": {
            "title": "text",
            "description": "textarea-nic",
            "modal": false
        }
    },
    "social_icon": {
        "builder": true,
        "no_selection": true,
        "name": "Social Icons",
        "element": {
            "title": "text",
            "social_icon": "icon",
            "url": "text",
            "modal": true
        }
    },
    "short_links": {
        "builder": true,
        "no_selection": true,
        "name": "Short Links",
        "element": {
            "title": "text",
            "description": "textarea-nic",
            "modal": false
        }
    },
    "app_welcome": {
        "builder": true,
        "no_selection": true,
        "name": "App Welcome Info",
        "content":{
            "images": {
                "background_image": {
                    "size": "1440 x 2960"
                }
            },
            "screen_1_heading": "text",
            "screen_1_subheading": "text",
            "screen_2_heading": "text",
            "screen_2_subheading": "text",
            "screen_3_heading": "text",
            "screen_3_subheading": "text"
        }
    }
}
